{"chunk_definitions":[{"row":9,"row_count":1,"visible":true,"expansion_state":0,"options":{"engine":"r","label":"setup","include":false},"document_id":"326588D6","chunk_id":"csetup_chunk","chunk_label":"setup"},{"row":28,"row_count":1,"visible":true,"expansion_state":0,"options":{"engine":"r","label":"import.mechanical.data"},"document_id":"326588D6","chunk_id":"c10jm3hi50615","chunk_label":"import.mechanical.data"},{"row":41,"row_count":1,"visible":true,"expansion_state":0,"options":{"engine":"r","label":"loglin.mech.uv"},"document_id":"326588D6","chunk_id":"c0ykljxzyneez","chunk_label":"loglin.mech.uv"},{"row":54,"row_count":1,"visible":true,"expansion_state":0,"options":{"engine":"r","label":"import.table1.data"},"document_id":"281C6449","chunk_id":"cphopc1irlkis","chunk_label":"import.table1.data"},{"row":68,"row_count":1,"visible":true,"expansion_state":0,"options":{"engine":"r","label":"fig1d.comparisons.to.make"},"document_id":"281C6449","chunk_id":"cxsaty977prhj","chunk_label":"fig1d.comparisons.to.make"},{"row":79,"row_count":1,"visible":true,"expansion_state":0,"options":{"engine":"r","label":"fig1d.fishers"},"document_id":"281C6449","chunk_id":"cn14x49pdkpwj","chunk_label":"fig1d.fishers"},{"row":97,"row_count":1,"visible":true,"expansion_state":0,"options":{"engine":"r","label":"import.bisected.trisected.data"},"document_id":"281C6449","chunk_id":"c8wdncors5nyw","chunk_label":"import.bisected.trisected.data"},{"row":105,"row_count":1,"visible":true,"expansion_state":0,"options":{"engine":"r","label":"combine.section.location.trisected"},"document_id":"229BFE1A","chunk_id":"c9w1syow8hje9","chunk_label":"combine.section.location.trisected"},{"row":119,"row_count":1,"visible":true,"expansion_state":0,"options":{"engine":"r","label":"loglin.models.section.location.over.time.trisected"},"document_id":"229BFE1A","chunk_id":"c9vpqkluujdyh","chunk_label":"loglin.models.section.location.over.time.trisected"},{"row":133,"row_count":1,"visible":true,"expansion_state":0,"options":{"engine":"r","label":"compare.turning.ant.data"},"document_id":"229BFE1A","chunk_id":"cu1zvs1baqrdk","chunk_label":"compare.turning.ant.data"},{"row":147,"row_count":1,"visible":true,"expansion_state":0,"options":{"engine":"r","label":"compare.turning.ant"},"document_id":"229BFE1A","chunk_id":"clk3ij270g32i","chunk_label":"compare.turning.ant"},{"row":156,"row_count":1,"visible":true,"expansion_state":0,"options":{"engine":"r","label":"compare.turning.post.head.data"},"document_id":"229BFE1A","chunk_id":"cnep60wc38gtw","chunk_label":"compare.turning.post.head.data"},{"row":168,"row_count":1,"visible":true,"expansion_state":0,"options":{"engine":"r","label":"compare.turning.post.fisher"},"document_id":"229BFE1A","chunk_id":"cdkcziu6mcm0k","chunk_label":"compare.turning.post.fisher"},{"row":180,"row_count":1,"visible":true,"expansion_state":0,"options":{"engine":"r","label":"compare.contraction.post.data"},"document_id":"229BFE1A","chunk_id":"cgz9orasm5enj","chunk_label":"compare.contraction.post.data"},{"row":192,"row_count":1,"visible":true,"expansion_state":0,"options":{"engine":"r","label":"compare.turning.post"},"document_id":"229BFE1A","chunk_id":"cmeisq00b4vf5","chunk_label":"compare.turning.post"},{"row":206,"row_count":1,"visible":true,"expansion_state":0,"options":{"engine":"r","label":"data.for.middle.vs.intact.onehour"},"document_id":"229BFE1A","chunk_id":"cbgkc0rz84f57","chunk_label":"data.for.middle.vs.intact.onehour"},{"row":220,"row_count":1,"visible":true,"expansion_state":0,"options":{"engine":"r","label":"trisected.midbody.intact.onehr"},"document_id":"229BFE1A","chunk_id":"cjchjwvxfbnau","chunk_label":"trisected.midbody.intact.onehr"},{"row":229,"row_count":1,"visible":true,"expansion_state":0,"options":{"engine":"r","label":"trisected.midbody.twoways"},"document_id":"229BFE1A","chunk_id":"clxsp1zi4jb5e","chunk_label":"trisected.midbody.twoways"},{"row":239,"row_count":1,"visible":true,"expansion_state":0,"options":{"engine":"r","label":"beh.by.section.onehour.trisected.midbody.twowaytable"},"document_id":"229BFE1A","chunk_id":"c9oh859f1gwfw","chunk_label":"beh.by.section.onehour.trisected.midbody.twowaytable"},{"row":247,"row_count":1,"visible":true,"expansion_state":0,"options":{"engine":"r","label":"beh.by.section.onehour.trisected.midbody.threeway.table"},"document_id":"229BFE1A","chunk_id":"cuk2btyxxkvk4","chunk_label":"beh.by.section.onehour.trisected.midbody.threeway.table"},{"row":257,"row_count":1,"visible":true,"expansion_state":0,"options":{"engine":"r","label":"data.for.middle.vs.intact.oneday"},"document_id":"229BFE1A","chunk_id":"cbbao89hezhle","chunk_label":"data.for.middle.vs.intact.oneday"},{"row":271,"row_count":1,"visible":true,"expansion_state":0,"options":{"engine":"r","label":"trisected.midbody.intact.oneday"},"document_id":"229BFE1A","chunk_id":"cjddqpc1310oe","chunk_label":"trisected.midbody.intact.oneday"},{"row":279,"row_count":1,"visible":true,"expansion_state":0,"options":{"engine":"r","label":"beh.by.section.oneday.trisected.midbody"},"document_id":"229BFE1A","chunk_id":"chmooxef34bwa","chunk_label":"beh.by.section.oneday.trisected.midbody"},{"row":288,"row_count":1,"visible":true,"expansion_state":0,"options":{"engine":"r","label":"data.for.middle.vs.intact.sevenday"},"document_id":"229BFE1A","chunk_id":"clom2ll3k29uk","chunk_label":"data.for.middle.vs.intact.sevenday"},{"row":302,"row_count":1,"visible":true,"expansion_state":0,"options":{"engine":"r","label":"trisected.midbody.intact.sevenday"},"document_id":"229BFE1A","chunk_id":"ck8y4p15jgyy5","chunk_label":"trisected.midbody.intact.sevenday"},{"row":311,"row_count":1,"visible":true,"expansion_state":0,"options":{"engine":"r","label":"beh.by.section.sevendays.trisected.midbody"},"document_id":"229BFE1A","chunk_id":"cu9seulg1jrji","chunk_label":"beh.by.section.sevendays.trisected.midbody"},{"row":335,"row_count":1,"visible":true,"expansion_state":0,"options":{"engine":"r","label":"loglin.models.section.location.over.time.bisected"},"document_id":"229BFE1A","chunk_id":"c9ar90l7r43t9","chunk_label":"loglin.models.section.location.over.time.bisected"},{"row":349,"row_count":1,"visible":true,"expansion_state":0,"options":{"engine":"r","label":"bisected.time.table"},"document_id":"229BFE1A","chunk_id":"cfba1eqtjegp7","chunk_label":"bisected.time.table"},{"row":359,"row_count":1,"visible":true,"expansion_state":0,"options":{"engine":"r","label":"bisected.post.of.head.vs.tail.of.intact.data"},"document_id":"229BFE1A","chunk_id":"cj958s9qr13be","chunk_label":"bisected.post.of.head.vs.tail.of.intact.data"},{"row":371,"row_count":1,"visible":true,"expansion_state":0,"options":{"engine":"r","label":"compare.head.section.post.and.intact.tail.bisected"},"document_id":"229BFE1A","chunk_id":"cwqilo88o0afn","chunk_label":"compare.head.section.post.and.intact.tail.bisected"},{"row":381,"row_count":1,"visible":true,"expansion_state":0,"options":{"engine":"r","label":"bisected.ant.of.tail.vs.head.of.intact.data"},"document_id":"229BFE1A","chunk_id":"cdh3cy9m6atxf","chunk_label":"bisected.ant.of.tail.vs.head.of.intact.data"},{"row":393,"row_count":1,"visible":true,"expansion_state":0,"options":{"engine":"r","label":"compare.tail.section.ant.and.intact.head.bisected"},"document_id":"229BFE1A","chunk_id":"c6mm3f8ud3mar","chunk_label":"compare.tail.section.ant.and.intact.head.bisected"},{"row":411,"row_count":1,"visible":true,"expansion_state":0,"options":{"engine":"r","label":"fig3.data"},"document_id":"229BFE1A","chunk_id":"cimtbsai88v2b","chunk_label":"fig3.data"},{"row":427,"row_count":1,"visible":true,"expansion_state":0,"options":{"engine":"r","label":"fig3.d"},"document_id":"229BFE1A","chunk_id":"cebbvkcmvju29","chunk_label":"fig3.d"},{"row":434,"row_count":1,"visible":true,"expansion_state":0,"options":{"engine":"r","label":"fig3d.std.resids"},"document_id":"229BFE1A","chunk_id":"cvi6ptabldh2v","chunk_label":"fig3d.std.resids"},{"row":450,"row_count":1,"visible":true,"expansion_state":0,"options":{"engine":"r","label":"compare.d.a.surgeries"},"document_id":"229BFE1A","chunk_id":"cmncggxkvn9sw","chunk_label":"compare.d.a.surgeries"},{"row":458,"row_count":1,"visible":true,"expansion_state":0,"options":{"engine":"r","label":"fig5.d.a.twoways"},"document_id":"229BFE1A","chunk_id":"cdqhgpjngyrdg","chunk_label":"fig5.d.a.twoways"},{"row":474,"row_count":1,"visible":true,"expansion_state":0,"options":{"engine":"r","label":"compare.d.c.surgeries"},"document_id":"229BFE1A","chunk_id":"cglnu2wgrq5o9","chunk_label":"compare.d.c.surgeries"},{"row":488,"row_count":1,"visible":true,"expansion_state":0,"options":{"engine":"r","label":"make.fig3D.vs.intact.tail.data"},"document_id":"229BFE1A","chunk_id":"cl4jncfgm5luv","chunk_label":"make.fig3D.vs.intact.tail.data"},{"row":499,"row_count":1,"visible":true,"expansion_state":0,"options":{"engine":"r","label":"fig3D.a.intact.head"},"document_id":"229BFE1A","chunk_id":"c3nyfan0cfjiq","chunk_label":"fig3D.a.intact.head"},{"row":511,"row_count":1,"visible":true,"expansion_state":0,"options":{"engine":"r","label":"fig3D.a.intact.mid"},"document_id":"229BFE1A","chunk_id":"cv2myqvdgsvrc","chunk_label":"fig3D.a.intact.mid"},{"row":522,"row_count":1,"visible":true,"expansion_state":0,"options":{"engine":"r","label":"fig3D.b.intact.head"},"document_id":"229BFE1A","chunk_id":"cb9khoywdt1ax","chunk_label":"fig3D.b.intact.head"},{"row":533,"row_count":1,"visible":true,"expansion_state":0,"options":{"engine":"r","label":"fig3D.b.intact.mid"},"document_id":"229BFE1A","chunk_id":"csien8vdg1pb9","chunk_label":"fig3D.b.intact.mid"},{"row":544,"row_count":1,"visible":true,"expansion_state":0,"options":{"engine":"r","label":"fig3D.a.bisected.ant"},"document_id":"229BFE1A","chunk_id":"c6n2eqs8wgx49","chunk_label":"fig3D.a.bisected.ant"},{"row":555,"row_count":1,"visible":true,"expansion_state":0,"options":{"engine":"r","label":"fig3D.a.bisected.mid"},"document_id":"229BFE1A","chunk_id":"cvqs6kmp69b9n","chunk_label":"fig3D.a.bisected.mid"},{"row":568,"row_count":1,"visible":true,"expansion_state":0,"options":{"engine":"r","label":"fig3D.b.bisected.ant"},"document_id":"229BFE1A","chunk_id":"clg1qy7k1oeeb","chunk_label":"fig3D.b.bisected.ant"},{"row":579,"row_count":1,"visible":true,"expansion_state":0,"options":{"engine":"r","label":"fig3D.b.bisected.mid"},"document_id":"229BFE1A","chunk_id":"ckmpeqo9sukf7","chunk_label":"fig3D.b.bisected.mid"}],"doc_write_time":1622317326,"working_dir":null,"default_chunk_options":{"echo":true}}