{"chunk_definitions":[{"row":9,"row_count":1,"visible":true,"expansion_state":0,"options":{"engine":"r","label":"setup","include":false},"document_id":"326588D6","chunk_id":"csetup_chunk","chunk_label":"setup"},{"row":28,"row_count":1,"visible":true,"expansion_state":0,"options":{"engine":"r","label":"import.mechanical.data"},"document_id":"326588D6","chunk_id":"c10jm3hi50615","chunk_label":"import.mechanical.data"},{"row":41,"row_count":1,"visible":true,"expansion_state":0,"options":{"engine":"r","label":"loglin.mech.uv"},"document_id":"326588D6","chunk_id":"c0ykljxzyneez","chunk_label":"loglin.mech.uv"},{"row":54,"row_count":1,"visible":true,"expansion_state":0,"options":{"engine":"r","label":"import.table1.data"},"document_id":"281C6449","chunk_id":"cphopc1irlkis","chunk_label":"import.table1.data"},{"row":68,"row_count":1,"visible":true,"expansion_state":0,"options":{"engine":"r","label":"fig1d.comparisons.to.make"},"document_id":"281C6449","chunk_id":"cxsaty977prhj","chunk_label":"fig1d.comparisons.to.make"},{"row":79,"row_count":1,"visible":true,"expansion_state":0,"options":{"engine":"r","label":"fig1d.fishers"},"document_id":"281C6449","chunk_id":"cn14x49pdkpwj","chunk_label":"fig1d.fishers"},{"row":97,"row_count":1,"visible":true,"expansion_state":0,"options":{"engine":"r","label":"import.bisected.trisected.data"},"document_id":"281C6449","chunk_id":"c8wdncors5nyw","chunk_label":"import.bisected.trisected.data"},{"row":105,"row_count":1,"visible":true,"expansion_state":0,"options":{"engine":"r","label":"combine.section.location.trisected"},"document_id":"229BFE1A","chunk_id":"c9w1syow8hje9","chunk_label":"combine.section.location.trisected"},{"row":119,"row_count":1,"visible":true,"expansion_state":0,"options":{"engine":"r","label":"loglin.models.section.location.over.time.trisected"},"document_id":"229BFE1A","chunk_id":"c9vpqkluujdyh","chunk_label":"loglin.models.section.location.over.time.trisected"},{"row":133,"row_count":1,"visible":true,"expansion_state":0,"options":{"engine":"r","label":"compare.turning.ant.data"},"document_id":"229BFE1A","chunk_id":"c12fwq4fnwi5u","chunk_label":"compare.turning.ant.data"},{"row":147,"row_count":1,"visible":true,"expansion_state":0,"options":{"engine":"r","label":"compare.turning.ant"},"document_id":"229BFE1A","chunk_id":"cwqumlvo8khrq","chunk_label":"compare.turning.ant"},{"row":156,"row_count":1,"visible":true,"expansion_state":0,"options":{"engine":"r","label":"compare.turning.post.head.data"},"document_id":"229BFE1A","chunk_id":"chwqjxayjqndj","chunk_label":"compare.turning.post.head.data"},{"row":168,"row_count":1,"visible":true,"expansion_state":0,"options":{"engine":"r","label":"compare.turning.post.fisher"},"document_id":"229BFE1A","chunk_id":"ck1bq1pymvzhl","chunk_label":"compare.turning.post.fisher"},{"row":180,"row_count":1,"visible":true,"expansion_state":0,"options":{"engine":"r","label":"compare.contraction.post.data"},"document_id":"229BFE1A","chunk_id":"c6phg2sawlmdn","chunk_label":"compare.contraction.post.data"},{"row":192,"row_count":1,"visible":true,"expansion_state":0,"options":{"engine":"r","label":"compare.turning.post"},"document_id":"229BFE1A","chunk_id":"chazklra15kx9","chunk_label":"compare.turning.post"},{"row":206,"row_count":1,"visible":true,"expansion_state":0,"options":{"engine":"r","label":"data.for.middle.vs.intact.onehour"},"document_id":"229BFE1A","chunk_id":"clgx84iosyfwc","chunk_label":"data.for.middle.vs.intact.onehour"},{"row":220,"row_count":1,"visible":true,"expansion_state":0,"options":{"engine":"r","label":"trisected.midbody.intact.onehr"},"document_id":"229BFE1A","chunk_id":"crv7u2dwgo2es","chunk_label":"trisected.midbody.intact.onehr"},{"row":229,"row_count":1,"visible":true,"expansion_state":0,"options":{"engine":"r","label":"trisected.midbody.twoways"},"document_id":"229BFE1A","chunk_id":"cnko1y0wj4m8l","chunk_label":"trisected.midbody.twoways"},{"row":239,"row_count":1,"visible":true,"expansion_state":0,"options":{"engine":"r","label":"beh.by.section.onehour.trisected.midbody.twowaytable"},"document_id":"229BFE1A","chunk_id":"cvfa6npwwg8ik","chunk_label":"beh.by.section.onehour.trisected.midbody.twowaytable"},{"row":247,"row_count":1,"visible":true,"expansion_state":0,"options":{"engine":"r","label":"beh.by.section.onehour.trisected.midbody.threeway.table"},"document_id":"229BFE1A","chunk_id":"ctlcfdymhyv1n","chunk_label":"beh.by.section.onehour.trisected.midbody.threeway.table"},{"row":257,"row_count":1,"visible":true,"expansion_state":0,"options":{"engine":"r","label":"data.for.middle.vs.intact.oneday"},"document_id":"229BFE1A","chunk_id":"cs0543b14uljs","chunk_label":"data.for.middle.vs.intact.oneday"},{"row":271,"row_count":1,"visible":true,"expansion_state":0,"options":{"engine":"r","label":"trisected.midbody.intact.oneday"},"document_id":"229BFE1A","chunk_id":"c9chlz5ldmuzi","chunk_label":"trisected.midbody.intact.oneday"},{"row":279,"row_count":1,"visible":true,"expansion_state":0,"options":{"engine":"r","label":"beh.by.section.oneday.trisected.midbody"},"document_id":"229BFE1A","chunk_id":"ccevv00fc6dha","chunk_label":"beh.by.section.oneday.trisected.midbody"},{"row":288,"row_count":1,"visible":true,"expansion_state":0,"options":{"engine":"r","label":"data.for.middle.vs.intact.sevenday"},"document_id":"229BFE1A","chunk_id":"cl9y1mbmz5kag","chunk_label":"data.for.middle.vs.intact.sevenday"},{"row":302,"row_count":1,"visible":true,"expansion_state":0,"options":{"engine":"r","label":"trisected.midbody.intact.sevenday"},"document_id":"229BFE1A","chunk_id":"cj6n4d5chqqnd","chunk_label":"trisected.midbody.intact.sevenday"},{"row":311,"row_count":1,"visible":true,"expansion_state":0,"options":{"engine":"r","label":"beh.by.section.sevendays.trisected.midbody"},"document_id":"229BFE1A","chunk_id":"c4oso08l3qlqc","chunk_label":"beh.by.section.sevendays.trisected.midbody"},{"row":335,"row_count":1,"visible":true,"expansion_state":0,"options":{"engine":"r","label":"loglin.models.section.location.over.time.bisected"},"document_id":"229BFE1A","chunk_id":"c9ar90l7r43t9","chunk_label":"loglin.models.section.location.over.time.bisected"},{"row":349,"row_count":1,"visible":true,"expansion_state":0,"options":{"engine":"r","label":"bisected.time.table"},"document_id":"229BFE1A","chunk_id":"cfba1eqtjegp7","chunk_label":"bisected.time.table"},{"row":359,"row_count":1,"visible":true,"expansion_state":0,"options":{"engine":"r","label":"bisected.post.of.head.vs.tail.of.intact.data"},"document_id":"229BFE1A","chunk_id":"crbhvsbj74cu8","chunk_label":"bisected.post.of.head.vs.tail.of.intact.data"},{"row":371,"row_count":1,"visible":true,"expansion_state":0,"options":{"engine":"r","label":"compare.head.section.post.and.intact.tail.bisected"},"document_id":"229BFE1A","chunk_id":"cyprh08y57v4s","chunk_label":"compare.head.section.post.and.intact.tail.bisected"},{"row":381,"row_count":1,"visible":true,"expansion_state":0,"options":{"engine":"r","label":"bisected.ant.of.tail.vs.head.of.intact.data"},"document_id":"229BFE1A","chunk_id":"c0n73o65yrh1o","chunk_label":"bisected.ant.of.tail.vs.head.of.intact.data"},{"row":393,"row_count":1,"visible":true,"expansion_state":0,"options":{"engine":"r","label":"compare.tail.section.ant.and.intact.head.bisected"},"document_id":"229BFE1A","chunk_id":"c2kpzp9fl46nq","chunk_label":"compare.tail.section.ant.and.intact.head.bisected"},{"row":409,"row_count":1,"visible":true,"expansion_state":0,"options":{"engine":"r","label":"data.for.head.vs.intact.bisected.onehour"},"document_id":"229BFE1A","chunk_id":"caoiir54r7dga","chunk_label":"data.for.head.vs.intact.bisected.onehour"},{"row":423,"row_count":1,"visible":true,"expansion_state":0,"options":{"engine":"r","label":"bisected.head.intact.onehr"},"document_id":"229BFE1A","chunk_id":"chx8ba9m346qu","chunk_label":"bisected.head.intact.onehr"},{"row":433,"row_count":1,"visible":true,"expansion_state":0,"options":{"engine":"r","label":"data.for.head.vs.intact.bisected.oneday"},"document_id":"229BFE1A","chunk_id":"cx95psba57y66","chunk_label":"data.for.head.vs.intact.bisected.oneday"},{"row":447,"row_count":1,"visible":true,"expansion_state":0,"options":{"engine":"r","label":"bisected.head.intact.oneday"},"document_id":"229BFE1A","chunk_id":"coua7ppmu7ie3","chunk_label":"bisected.head.intact.oneday"},{"row":457,"row_count":1,"visible":true,"expansion_state":0,"options":{"engine":"r","label":"data.for.head.vs.intact.bisected.7day"},"document_id":"229BFE1A","chunk_id":"cojdfvnbpnc3t","chunk_label":"data.for.head.vs.intact.bisected.7day"},{"row":471,"row_count":1,"visible":true,"expansion_state":0,"options":{"engine":"r","label":"bisected.head.intact.7day"},"document_id":"229BFE1A","chunk_id":"cvgqrcyfjbxdz","chunk_label":"bisected.head.intact.7day"},{"row":483,"row_count":1,"visible":true,"expansion_state":0,"options":{"engine":"r","label":"data.for.tail.vs.intact.bisected.onehour"},"document_id":"229BFE1A","chunk_id":"cnyhhgz60ay9v","chunk_label":"data.for.tail.vs.intact.bisected.onehour"},{"row":497,"row_count":1,"visible":true,"expansion_state":0,"options":{"engine":"r","label":"bisected.tail.intact.onehr"},"document_id":"229BFE1A","chunk_id":"cv63f2vcjcwvp","chunk_label":"bisected.tail.intact.onehr"},{"row":507,"row_count":1,"visible":true,"expansion_state":0,"options":{"engine":"r","label":"data.for.tail.vs.intact.bisected.oneday"},"document_id":"229BFE1A","chunk_id":"cu4918k9q6cop","chunk_label":"data.for.tail.vs.intact.bisected.oneday"},{"row":521,"row_count":1,"visible":true,"expansion_state":0,"options":{"engine":"r","label":"bisected.tail.intact.oneday"},"document_id":"229BFE1A","chunk_id":"cq0knzi30k561","chunk_label":"bisected.tail.intact.oneday"},{"row":529,"row_count":1,"visible":true,"expansion_state":0,"options":{"engine":"r","label":"bisected.tail.intact.table"},"document_id":"229BFE1A","chunk_id":"chdx2lw4dhtmq","chunk_label":"bisected.tail.intact.table"}],"doc_write_time":1622592193}