{"chunk_definitions":[{"row":9,"row_count":1,"visible":true,"expansion_state":0,"options":{"engine":"r","label":"setup","include":false},"document_id":"591C8AFF","chunk_id":"csetup_chunk","chunk_label":"setup"},{"row":29,"row_count":1,"visible":true,"expansion_state":0,"options":{"engine":"r","label":"import.fig.s1.data"},"document_id":"591C8AFF","chunk_id":"cibdqsdcdjsej","chunk_label":"import.fig.s1.data"},{"row":45,"row_count":1,"visible":true,"expansion_state":0,"options":{"engine":"r","label":"fit.mechanical.models"},"document_id":"591C8AFF","chunk_id":"cflifkw4dkzgy","chunk_label":"fit.mechanical.models"},{"row":63,"row_count":1,"visible":true,"expansion_state":0,"options":{"engine":"r","label":"import.behavior.species"},"document_id":"591C8AFF","chunk_id":"c38f9r4ingice","chunk_label":"import.behavior.species"},{"row":77,"row_count":1,"visible":true,"expansion_state":0,"options":{"engine":"r","label":"loglin.models.of.beh.by.sp"},"document_id":"591C8AFF","chunk_id":"c3l3qmpjdzrzc","chunk_label":"loglin.models.of.beh.by.sp"},{"row":87,"row_count":1,"visible":true,"expansion_state":0,"options":{"engine":"r","label":"twoway.inter.species"},"document_id":"591C8AFF","chunk_id":"c6i8bgv9aahbt","chunk_label":"twoway.inter.species"},{"row":106,"row_count":1,"visible":true,"expansion_state":0,"options":{"engine":"r","label":"import.thinning"},"document_id":"591C8AFF","chunk_id":"ci0z0sx883ehz","chunk_label":"import.thinning"},{"row":116,"row_count":1,"visible":true,"expansion_state":0,"options":{"engine":"r","label":"fit.model.check.assumptions.thinning"},"document_id":"591C8AFF","chunk_id":"cblj97dyi55qr","chunk_label":"fit.model.check.assumptions.thinning"},{"row":129,"row_count":1,"visible":true,"expansion_state":0,"options":{"engine":"r","label":"anova.thin"},"document_id":"591C8AFF","chunk_id":"cpml0m00eltqt","chunk_label":"anova.thin"},{"row":147,"row_count":1,"visible":true,"expansion_state":0,"options":{"engine":"r","label":"import.shortening"},"document_id":"591C8AFF","chunk_id":"com6z6huq5mco","chunk_label":"import.shortening"},{"row":160,"row_count":1,"visible":true,"expansion_state":0,"options":{"engine":"r","label":"fit.model.check.assumptions.shortening"},"document_id":"591C8AFF","chunk_id":"cir5xuizhf9db","chunk_label":"fit.model.check.assumptions.shortening"},{"row":173,"row_count":1,"visible":true,"expansion_state":0,"options":{"engine":"r","label":"anova.short"},"document_id":"591C8AFF","chunk_id":"cpjzfsddfvpzj","chunk_label":"anova.short"},{"row":189,"row_count":1,"visible":true,"expansion_state":0,"options":{"engine":"r","label":"import.s3.data"},"document_id":"591C8AFF","chunk_id":"cgq99n6jjrbxl","chunk_label":"import.s3.data"},{"row":203,"row_count":1,"visible":true,"expansion_state":0,"options":{"engine":"r","label":"loglin.models.of.resp.by.filter"},"document_id":"591C8AFF","chunk_id":"csc8g0cqw9oul","chunk_label":"loglin.models.of.resp.by.filter"},{"row":211,"row_count":1,"visible":true,"expansion_state":0,"options":{"engine":"r","label":"filter.twoways"},"document_id":"591C8AFF","chunk_id":"ce5mt50f8l420","chunk_label":"filter.twoways"},{"row":227,"row_count":1,"visible":true,"expansion_state":0,"options":{"engine":"r","label":"import.table.s1.data"},"document_id":"591C8AFF","chunk_id":"cn8rqhqlphy42","chunk_label":"import.table.s1.data"},{"row":240,"row_count":1,"visible":true,"expansion_state":0,"options":{"engine":"r","label":"compare.one.to.two.stimulations.posterior"},"document_id":"591C8AFF","chunk_id":"cpt8e35foact3","chunk_label":"compare.one.to.two.stimulations.posterior"}],"doc_write_time":1622322758,"working_dir":null,"default_chunk_options":{"echo":true}}