{"chunk_definitions":[{"chunk_id":"csetup_chunk","chunk_label":"setup","document_id":"326588D6","expansion_state":0,"options":{"engine":"r","include":false,"label":"setup"},"row":7,"row_count":1,"visible":true},{"chunk_id":"c10jm3hi50615","chunk_label":"import.mechanical.data","document_id":"326588D6","expansion_state":0,"options":{"engine":"r","label":"import.mechanical.data"},"row":28,"row_count":1,"visible":true},{"chunk_id":"c0ykljxzyneez","chunk_label":"loglin.mech.uv","document_id":"326588D6","expansion_state":0,"options":{"engine":"r","label":"loglin.mech.uv"},"row":41,"row_count":1,"visible":true},{"chunk_id":"cphopc1irlkis","chunk_label":"import.table1.data","document_id":"281C6449","expansion_state":0,"options":{"engine":"r","label":"import.table1.data"},"row":54,"row_count":1,"visible":true},{"chunk_id":"cxsaty977prhj","chunk_label":"fig1d.comparisons.to.make","document_id":"281C6449","expansion_state":0,"options":{"engine":"r","label":"fig1d.comparisons.to.make"},"row":68,"row_count":1,"visible":true},{"chunk_id":"cn14x49pdkpwj","chunk_label":"fig1d.fishers","document_id":"281C6449","expansion_state":0,"options":{"engine":"r","label":"fig1d.fishers"},"row":79,"row_count":1,"visible":true},{"chunk_id":"c8wdncors5nyw","chunk_label":"import.bisected.trisected.data","document_id":"281C6449","expansion_state":0,"options":{"engine":"r","label":"import.bisected.trisected.data"},"row":99,"row_count":1,"visible":true},{"chunk_id":"c9w1syow8hje9","chunk_label":"combine.section.location.trisected","document_id":"229BFE1A","expansion_state":0,"options":{"engine":"r","label":"combine.section.location.trisected"},"row":107,"row_count":1,"visible":true},{"chunk_id":"c9vpqkluujdyh","chunk_label":"loglin.models.section.location.over.time.trisected","document_id":"229BFE1A","expansion_state":0,"options":{"engine":"r","label":"loglin.models.section.location.over.time.trisected"},"row":121,"row_count":1,"visible":true},{"chunk_id":"c9ar90l7r43t9","chunk_label":"loglin.models.section.location.over.time.bisected","document_id":"229BFE1A","expansion_state":0,"options":{"engine":"r","label":"loglin.models.section.location.over.time.bisected"},"row":341,"row_count":1,"visible":true},{"chunk_id":"cfba1eqtjegp7","chunk_label":"bisected.time.table","document_id":"229BFE1A","expansion_state":0,"options":{"engine":"r","label":"bisected.time.table"},"row":355,"row_count":1,"visible":true},{"chunk_id":"crbhvsbj74cu8","chunk_label":"bisected.post.of.head.vs.tail.of.intact.data","document_id":"229BFE1A","expansion_state":0,"options":{"engine":"r","label":"bisected.post.of.head.vs.tail.of.intact.data"},"row":365,"row_count":1,"visible":true},{"chunk_id":"cyprh08y57v4s","chunk_label":"compare.head.section.post.and.intact.tail.bisected","document_id":"229BFE1A","expansion_state":0,"options":{"engine":"r","label":"compare.head.section.post.and.intact.tail.bisected"},"row":377,"row_count":1,"visible":true},{"chunk_id":"c0n73o65yrh1o","chunk_label":"bisected.ant.of.tail.vs.head.of.intact.data","document_id":"229BFE1A","expansion_state":0,"options":{"engine":"r","label":"bisected.ant.of.tail.vs.head.of.intact.data"},"row":387,"row_count":1,"visible":true},{"chunk_id":"c2kpzp9fl46nq","chunk_label":"compare.tail.section.ant.and.intact.head.bisected","document_id":"229BFE1A","expansion_state":0,"options":{"engine":"r","label":"compare.tail.section.ant.and.intact.head.bisected"},"row":399,"row_count":1,"visible":true},{"chunk_id":"caoiir54r7dga","chunk_label":"data.for.head.vs.intact.bisected.onehour","document_id":"229BFE1A","expansion_state":0,"options":{"engine":"r","label":"data.for.head.vs.intact.bisected.onehour"},"row":415,"row_count":1,"visible":true},{"chunk_id":"chx8ba9m346qu","chunk_label":"bisected.head.intact.onehr","document_id":"229BFE1A","expansion_state":0,"options":{"engine":"r","label":"bisected.head.intact.onehr"},"row":429,"row_count":1,"visible":true},{"chunk_id":"cx95psba57y66","chunk_label":"data.for.head.vs.intact.bisected.oneday","document_id":"229BFE1A","expansion_state":0,"options":{"engine":"r","label":"data.for.head.vs.intact.bisected.oneday"},"row":439,"row_count":1,"visible":true},{"chunk_id":"coua7ppmu7ie3","chunk_label":"bisected.head.intact.oneday","document_id":"229BFE1A","expansion_state":0,"options":{"engine":"r","label":"bisected.head.intact.oneday"},"row":453,"row_count":1,"visible":true},{"chunk_id":"cojdfvnbpnc3t","chunk_label":"data.for.head.vs.intact.bisected.7day","document_id":"229BFE1A","expansion_state":0,"options":{"engine":"r","label":"data.for.head.vs.intact.bisected.7day"},"row":463,"row_count":1,"visible":true},{"chunk_id":"cvgqrcyfjbxdz","chunk_label":"bisected.head.intact.7day","document_id":"229BFE1A","expansion_state":0,"options":{"engine":"r","label":"bisected.head.intact.7day"},"row":477,"row_count":1,"visible":true},{"chunk_id":"cnyhhgz60ay9v","chunk_label":"data.for.tail.vs.intact.bisected.onehour","document_id":"229BFE1A","expansion_state":0,"options":{"engine":"r","label":"data.for.tail.vs.intact.bisected.onehour"},"row":489,"row_count":1,"visible":true},{"chunk_id":"cv63f2vcjcwvp","chunk_label":"bisected.tail.intact.onehr","document_id":"229BFE1A","expansion_state":0,"options":{"engine":"r","label":"bisected.tail.intact.onehr"},"row":503,"row_count":1,"visible":true},{"chunk_id":"cu4918k9q6cop","chunk_label":"data.for.tail.vs.intact.bisected.oneday","document_id":"229BFE1A","expansion_state":0,"options":{"engine":"r","label":"data.for.tail.vs.intact.bisected.oneday"},"row":513,"row_count":1,"visible":true},{"chunk_id":"cq0knzi30k561","chunk_label":"bisected.tail.intact.oneday","document_id":"229BFE1A","expansion_state":0,"options":{"engine":"r","label":"bisected.tail.intact.oneday"},"row":527,"row_count":1,"visible":true},{"chunk_id":"chdx2lw4dhtmq","chunk_label":"bisected.tail.intact.table","document_id":"229BFE1A","expansion_state":0,"options":{"engine":"r","label":"bisected.tail.intact.table"},"row":535,"row_count":1,"visible":true}],"doc_write_time":1630018824}