{"chunk_definitions":[{"row":9,"row_count":1,"visible":true,"expansion_state":0,"options":{"engine":"r","label":"setup","include":false},"document_id":"326588D6","chunk_id":"csetup_chunk","chunk_label":"setup"},{"row":28,"row_count":1,"visible":true,"expansion_state":0,"options":{"engine":"r","label":"import.mechanical.data"},"document_id":"326588D6","chunk_id":"c10jm3hi50615","chunk_label":"import.mechanical.data"},{"row":40,"row_count":1,"visible":true,"expansion_state":0,"options":{"engine":"r","label":"loglin.mech.uv"},"document_id":"326588D6","chunk_id":"c0ykljxzyneez","chunk_label":"loglin.mech.uv"},{"row":53,"row_count":1,"visible":true,"expansion_state":0,"options":{"engine":"r","label":"import.table1.data"},"document_id":"281C6449","chunk_id":"cphopc1irlkis","chunk_label":"import.table1.data"},{"row":67,"row_count":1,"visible":true,"expansion_state":0,"options":{"engine":"r","label":"fig1d.comparisons.to.make"},"document_id":"281C6449","chunk_id":"cxsaty977prhj","chunk_label":"fig1d.comparisons.to.make"},{"row":81,"row_count":1,"visible":true,"expansion_state":0,"options":{"engine":"r","label":"fig1d.fishers"},"document_id":"281C6449","chunk_id":"cn14x49pdkpwj","chunk_label":"fig1d.fishers"},{"row":99,"row_count":1,"visible":true,"expansion_state":0,"options":{"engine":"r","label":"import.bisected.trisected.data"},"document_id":"281C6449","chunk_id":"c8wdncors5nyw","chunk_label":"import.bisected.trisected.data"},{"row":109,"row_count":1,"visible":true,"expansion_state":0,"options":{"engine":"r","label":"import.intact.animals.for.comparison"},"document_id":"281C6449","chunk_id":"cpljuoxcj398c","chunk_label":"import.intact.animals.for.comparison"},{"row":127,"row_count":1,"visible":true,"expansion_state":0,"options":{"engine":"r","label":"compare.turning.ant.data"},"document_id":"281C6449","chunk_id":"coourjtjcvvuo","chunk_label":"compare.turning.ant.data"},{"row":141,"row_count":1,"visible":true,"expansion_state":0,"options":{"engine":"r","label":"compare.turning.ant"},"document_id":"281C6449","chunk_id":"ca21vamcv7h0z","chunk_label":"compare.turning.ant"},{"row":153,"row_count":1,"visible":true,"expansion_state":0,"options":{"engine":"r","label":"compare.turning.post.head.data"},"document_id":"281C6449","chunk_id":"ch1t982db3ch6","chunk_label":"compare.turning.post.head.data"},{"row":165,"row_count":1,"visible":true,"expansion_state":0,"options":{"engine":"r","label":"compare.turning.post"},"document_id":"281C6449","chunk_id":"ci6oovrw0nqnj","chunk_label":"compare.turning.post"},{"row":185,"row_count":1,"visible":true,"expansion_state":0,"options":{"engine":"r","label":"compare.contraction.post.data"},"document_id":"281C6449","chunk_id":"cskidp083iesl","chunk_label":"compare.contraction.post.data"},{"row":197,"row_count":1,"visible":true,"expansion_state":0,"options":{"engine":"r","label":"compare.turning.post"},"document_id":"281C6449","chunk_id":"ce99dgxjegbcl","chunk_label":"compare.turning.post"},{"row":219,"row_count":1,"visible":true,"expansion_state":0,"options":{"engine":"r","label":"data.for.middle.vs.intact.onehour"},"document_id":"281C6449","chunk_id":"cq9oqdp6tg0tm","chunk_label":"data.for.middle.vs.intact.onehour"},{"row":231,"row_count":1,"visible":true,"expansion_state":0,"options":{"engine":"r","label":"trisected.midbody.intact.onehr"},"document_id":"281C6449","chunk_id":"c81b1mp7yi1xb","chunk_label":"trisected.midbody.intact.onehr"},{"row":240,"row_count":1,"visible":true,"expansion_state":0,"options":{"engine":"r","label":"trisected.midbody.twoways"},"document_id":"281C6449","chunk_id":"cbd3zn28c9ief","chunk_label":"trisected.midbody.twoways"},{"row":250,"row_count":1,"visible":true,"expansion_state":0,"options":{"engine":"r","label":"beh.by.section.onehour.trisected.midbody"},"document_id":"281C6449","chunk_id":"cvto3myedwbj4","chunk_label":"beh.by.section.onehour.trisected.midbody"},{"row":258,"row_count":1,"visible":true,"expansion_state":0,"options":{"engine":"r","label":"beh.by.section.onehour.trisected.midbody"},"document_id":"281C6449","chunk_id":"c5pvl3o8qi4m2","chunk_label":"beh.by.section.onehour.trisected.midbody"},{"row":270,"row_count":1,"visible":true,"expansion_state":0,"options":{"engine":"r","label":"data.for.middle.vs.intact.oneday"},"document_id":"281C6449","chunk_id":"cbelblh6n5ywf","chunk_label":"data.for.middle.vs.intact.oneday"},{"row":282,"row_count":1,"visible":true,"expansion_state":0,"options":{"engine":"r","label":"trisected.midbody.intact.oneday"},"document_id":"281C6449","chunk_id":"cuxzv1aoyxywk","chunk_label":"trisected.midbody.intact.oneday"},{"row":290,"row_count":1,"visible":true,"expansion_state":0,"options":{"engine":"r","label":"beh.by.section.oneday.trisected.midbody"},"document_id":"281C6449","chunk_id":"cgkg2llhq2x8g","chunk_label":"beh.by.section.oneday.trisected.midbody"},{"row":301,"row_count":1,"visible":true,"expansion_state":0,"options":{"engine":"r","label":"data.for.middle.vs.intact.sevenday"},"document_id":"281C6449","chunk_id":"cwdxx1n2p24re","chunk_label":"data.for.middle.vs.intact.sevenday"},{"row":313,"row_count":1,"visible":true,"expansion_state":0,"options":{"engine":"r","label":"trisected.midbody.intact.sevenday"},"document_id":"281C6449","chunk_id":"cbo49vyx0ipes","chunk_label":"trisected.midbody.intact.sevenday"},{"row":321,"row_count":1,"visible":true,"expansion_state":0,"options":{"engine":"r","label":"beh.by.section.sevendays.trisected.midbody"},"document_id":"281C6449","chunk_id":"c9eufj2k7n0mb","chunk_label":"beh.by.section.sevendays.trisected.midbody"},{"row":339,"row_count":1,"visible":true,"expansion_state":0,"options":{"engine":"r","label":"bisected.post.of.head.vs.tail.of.intact.data"},"document_id":"281C6449","chunk_id":"cim9rrinp4h1x","chunk_label":"bisected.post.of.head.vs.tail.of.intact.data"},{"row":351,"row_count":1,"visible":true,"expansion_state":0,"options":{"engine":"r","label":"compare.head.section.post.and.intact.tail.bisected"},"document_id":"281C6449","chunk_id":"cnd48dtn09z4v","chunk_label":"compare.head.section.post.and.intact.tail.bisected"},{"row":363,"row_count":1,"visible":true,"expansion_state":0,"options":{"engine":"r","label":"bisected.ant.of.tail.vs.head.of.intact.data"},"document_id":"281C6449","chunk_id":"cp6n1nowwv0wa","chunk_label":"bisected.ant.of.tail.vs.head.of.intact.data"},{"row":375,"row_count":1,"visible":true,"expansion_state":0,"options":{"engine":"r","label":"compare.tail.section.ant.and.intact.head.bisected"},"document_id":"281C6449","chunk_id":"cg30qkjt4ynb7","chunk_label":"compare.tail.section.ant.and.intact.head.bisected"},{"row":393,"row_count":1,"visible":true,"expansion_state":0,"options":{"engine":"r","label":"fig3.data"},"document_id":"281C6449","chunk_id":"cpt6ol4umu3ox","chunk_label":"fig3.data"},{"row":409,"row_count":1,"visible":true,"expansion_state":0,"options":{"engine":"r","label":"fig3.d"},"document_id":"281C6449","chunk_id":"clqy69evzki4n","chunk_label":"fig3.d"},{"row":416,"row_count":1,"visible":true,"expansion_state":0,"options":{"engine":"r","label":"fig3d.std.resids"},"document_id":"281C6449","chunk_id":"c2zivzqetj5wv","chunk_label":"fig3d.std.resids"},{"row":430,"row_count":1,"visible":true,"expansion_state":0,"options":{"engine":"r","label":"compare.d.a.surgeries"},"document_id":"20F5F937","chunk_id":"ctmb9hrzbegh0","chunk_label":"compare.d.a.surgeries"},{"row":437,"row_count":1,"visible":true,"expansion_state":0,"options":{"engine":"r","label":"fig5.d.a.twoways"},"document_id":"20F5F937","chunk_id":"cn5icx4fzzuye","chunk_label":"fig5.d.a.twoways"},{"row":451,"row_count":1,"visible":true,"expansion_state":0,"options":{"engine":"r","label":"compare.d.b.surgeries"},"document_id":"20F5F937","chunk_id":"cyi97xd4zmkwu","chunk_label":"compare.d.b.surgeries"},{"row":460,"row_count":1,"visible":true,"expansion_state":0,"options":{"engine":"r","label":"fig3.d.b.twoways"},"document_id":"20F5F937","chunk_id":"cvcf1cti4g1in","chunk_label":"fig3.d.b.twoways"},{"row":473,"row_count":1,"visible":true,"expansion_state":0,"options":{"engine":"r","label":"compare.d.c.surgeries"},"document_id":"20F5F937","chunk_id":"cfah9408aeeub","chunk_label":"compare.d.c.surgeries"}],"doc_write_time":1621893463}