{"chunk_definitions":[{"row":9,"row_count":1,"visible":true,"expansion_state":0,"options":{"engine":"r","label":"setup","include":false},"document_id":"326588D6","chunk_id":"csetup_chunk","chunk_label":"setup"},{"row":28,"row_count":1,"visible":true,"expansion_state":0,"options":{"engine":"r","label":"import.mechanical.data"},"document_id":"326588D6","chunk_id":"c10jm3hi50615","chunk_label":"import.mechanical.data"},{"row":41,"row_count":1,"visible":true,"expansion_state":0,"options":{"engine":"r","label":"loglin.mech.uv"},"document_id":"326588D6","chunk_id":"c0ykljxzyneez","chunk_label":"loglin.mech.uv"},{"row":54,"row_count":1,"visible":true,"expansion_state":0,"options":{"engine":"r","label":"import.table1.data"},"document_id":"281C6449","chunk_id":"cphopc1irlkis","chunk_label":"import.table1.data"},{"row":68,"row_count":1,"visible":true,"expansion_state":0,"options":{"engine":"r","label":"fig1d.comparisons.to.make"},"document_id":"281C6449","chunk_id":"cxsaty977prhj","chunk_label":"fig1d.comparisons.to.make"},{"row":79,"row_count":1,"visible":true,"expansion_state":0,"options":{"engine":"r","label":"fig1d.fishers"},"document_id":"281C6449","chunk_id":"cn14x49pdkpwj","chunk_label":"fig1d.fishers"},{"row":97,"row_count":1,"visible":true,"expansion_state":0,"options":{"engine":"r","label":"import.bisected.trisected.data"},"document_id":"281C6449","chunk_id":"c8wdncors5nyw","chunk_label":"import.bisected.trisected.data"},{"row":105,"row_count":1,"visible":true,"expansion_state":0,"options":{"engine":"r","label":"combine.section.location.trisected"},"document_id":"229BFE1A","chunk_id":"c9w1syow8hje9","chunk_label":"combine.section.location.trisected"},{"row":119,"row_count":1,"visible":true,"expansion_state":0,"options":{"engine":"r","label":"loglin.models.section.location.over.time.trisected"},"document_id":"229BFE1A","chunk_id":"c9vpqkluujdyh","chunk_label":"loglin.models.section.location.over.time.trisected"},{"row":335,"row_count":1,"visible":true,"expansion_state":0,"options":{"engine":"r","label":"loglin.models.section.location.over.time.bisected"},"document_id":"229BFE1A","chunk_id":"c9ar90l7r43t9","chunk_label":"loglin.models.section.location.over.time.bisected"},{"row":349,"row_count":1,"visible":true,"expansion_state":0,"options":{"engine":"r","label":"bisected.time.table"},"document_id":"229BFE1A","chunk_id":"cfba1eqtjegp7","chunk_label":"bisected.time.table"},{"row":490,"row_count":1,"visible":true,"expansion_state":0,"options":{"engine":"r","label":"make.fig3D.vs.intact.tail.data"},"document_id":"229BFE1A","chunk_id":"cl4jncfgm5luv","chunk_label":"make.fig3D.vs.intact.tail.data"},{"row":501,"row_count":1,"visible":true,"expansion_state":0,"options":{"engine":"r","label":"fig3D.a.intact.head"},"document_id":"229BFE1A","chunk_id":"c3nyfan0cfjiq","chunk_label":"fig3D.a.intact.head"},{"row":513,"row_count":1,"visible":true,"expansion_state":0,"options":{"engine":"r","label":"fig3D.a.intact.mid"},"document_id":"229BFE1A","chunk_id":"cv2myqvdgsvrc","chunk_label":"fig3D.a.intact.mid"},{"row":524,"row_count":1,"visible":true,"expansion_state":0,"options":{"engine":"r","label":"fig3D.b.intact.head"},"document_id":"229BFE1A","chunk_id":"cb9khoywdt1ax","chunk_label":"fig3D.b.intact.head"},{"row":535,"row_count":1,"visible":true,"expansion_state":0,"options":{"engine":"r","label":"fig3D.b.intact.mid"},"document_id":"229BFE1A","chunk_id":"csien8vdg1pb9","chunk_label":"fig3D.b.intact.mid"},{"row":546,"row_count":1,"visible":true,"expansion_state":0,"options":{"engine":"r","label":"fig3D.a.bisected.ant"},"document_id":"229BFE1A","chunk_id":"c6n2eqs8wgx49","chunk_label":"fig3D.a.bisected.ant"},{"row":557,"row_count":1,"visible":true,"expansion_state":0,"options":{"engine":"r","label":"fig3D.a.bisected.mid"},"document_id":"229BFE1A","chunk_id":"cvqs6kmp69b9n","chunk_label":"fig3D.a.bisected.mid"},{"row":570,"row_count":1,"visible":true,"expansion_state":0,"options":{"engine":"r","label":"fig3D.b.bisected.ant"},"document_id":"229BFE1A","chunk_id":"clg1qy7k1oeeb","chunk_label":"fig3D.b.bisected.ant"},{"row":581,"row_count":1,"visible":true,"expansion_state":0,"options":{"engine":"r","label":"fig3D.b.bisected.mid"},"document_id":"229BFE1A","chunk_id":"ckmpeqo9sukf7","chunk_label":"fig3D.b.bisected.mid"}],"doc_write_time":1622416867}